epsilon,avg_nmi,avg_evc_overlap,avg_evc_MAE,avg_deg_kl,avg_diam_rel,avg_cc_rel,avg_mod_rel
0.5,0.3677554104484524,0.8916666666666668,0.007079177611600341,1.177998558051192,0.5076923076923077,0.8515610448258929,0.7881749302140577
1.0,0.1959994470093273,0.9200000000000002,0.007029304666572105,0.4431304588210562,0.6461538461538461,0.8597828013348133,0.7357390093086036
1.5,0.2220977490672711,0.7216666666666667,0.0022888984127782544,0.6322699432346314,0.44615384615384607,0.29990149063077204,0.2569316363656401
2.0,0.2977818193586255,0.9466666666666667,0.005423449331684576,0.5574754179292086,0.32307692307692304,0.6474431158288332,0.3256605511367675
2.5,0.29602722723587294,0.9416666666666667,0.005828395324682228,0.5300947998270026,0.29230769230769227,0.6730301839690198,0.35167648467875867
3.0,0.3170603271760387,0.9566666666666667,0.005627878319330073,0.5135123476688216,0.2769230769230769,0.6659278027315353,0.3274870698930229
3.5,0.31941526269265014,0.9466666666666667,0.005775817899281251,0.48179764947854037,0.19999999999999998,0.676558958568143,0.30909403000783525
