epsilon,avg_nmi,avg_evc_overlap,avg_evc_MAE,avg_deg_kl,avg_diam_rel,avg_cc_rel,avg_mod_rel
0.5,0.2785810697293651,0.7545454545454546,0.007248015766636501,1.5971115725116758,0.509090909090909,0.4114464793274486,0.49916144810935437
1.0,0.3701284699314772,0.8727272727272727,0.0025960409777947813,1.2827337766790503,0.34545454545454535,0.02945462281118567,0.20979762665447127
1.5,0.4226566940441388,0.8727272727272727,0.0013689969998955769,1.4075058928522737,0.2727272727272727,0.09380106153515808,0.1189631383551047
2.0,0.47769241940191637,0.8545454545454545,0.0013722268425151846,1.295837699573883,0.2545454545454545,0.10907767734938933,0.07171316335861903
2.5,0.5164688595890986,0.8636363636363636,0.001475981138601582,1.1200468663346468,0.21818181818181817,0.1324107295102563,0.023373631512566596
3.0,0.5657463452606425,0.8545454545454545,0.0015197571082542244,1.0830499194437508,0.23636363636363633,0.15398970138976817,0.0035071800461037735
3.5,0.6155540615600199,0.8636363636363636,0.0015864018624077159,1.0257380805632168,0.2545454545454545,0.14539741350721994,0.02984258031255298
