epsilon,avg_nmi,avg_evc_overlap,avg_evc_MAE,avg_deg_kl,avg_diam_rel,avg_cc_rel,avg_mod_rel
0.5,0.1136645427182531,0.4325,0.024788787537977967,0.3449991477135515,0.27499999999999997,0.8054032527602496,0.5759756972258007
1.0,0.4219058558964589,0.7100000000000001,0.003405725346660815,0.4720156367335953,0.024999999999999994,0.3329798913341451,0.20892175085947556
1.5,0.560636702835136,0.7875000000000001,0.0006716155957608698,0.4881846020564954,0.07499999999999998,0.16288369354040608,0.0696838422923489
2.0,0.584067210291441,0.74,0.0007487113795557611,0.4439141243569086,0.062499999999999986,0.13820779193653981,0.046099136930219206
2.5,0.6411395207666809,0.7525000000000001,0.0006344715930870965,0.3622522274599055,0.14999999999999997,0.14239784694337565,0.03260920073647352
3.0,0.6829447351340893,0.7525,0.0006534263164672466,0.42763486997746647,0.17499999999999996,0.12346022577393116,0.014377738383071516
3.5,0.7363550676426758,0.7775000000000001,0.0006270562257535672,0.3594165052218858,0.12499999999999997,0.1209794768131847,0.0017392121658892617
